Name,Brand,SKU,MPN,base_price,MSRP,Image
Haier ENERGY STAR® 16.8 Cu. Ft. Quad Door Refrigerator,Haier,QHE16HYPFS,QHE16HYPFS,1221.00,1.999.00,https://images.webfronts.com/cache/frlvgktxunhk.jpg?imgeng=/w_800/h_600/m_letterbox_ffffff_100
14.5 Cu. Ft. 4 Door Refrigerator,Haier,QJS15HYRFS,QJS15HYRFS,1221.00,1.799.00,https://images.webfronts.com/cache/frkdmthwqpma.jpg?imgeng=/w_800/h_600/m_letterbox_ffffff_100
18 cu. ft. Smart Counter Depth 3-Door French Door Refrigerator in Stainless Look,Samsung,RF18A5101S9,RF18A5101S9,1221.00,,https://images.webfronts.com/cache/rdfuittquelg.jpg?imgeng=/w_800/h_600/m_letterbox_ffffff_100
Haier ENERGY STAR® 16.8 Cu. Ft. Quad Door Refrigerator,Haier,QHE16HYPFS,QHE16HYPFS,1221.00,1.999.00,https://images.webfronts.com/cache/frlvgktxunhk.jpg?imgeng=/w_800/h_600/m_letterbox_ffffff_100
Haier ENERGY STAR® 16.8 Cu. Ft. Quad Door Refrigerator,Haier,QHE16HYPFS,QHE16HYPFS,1221.00,1.999.00,https://images.webfronts.com/cache/frlvgktxunhk.jpg?imgeng=/w_800/h_600/m_letterbox_ffffff_100
14.5 Cu. Ft. 4 Door Refrigerator,Haier,QJS15HYRFS,QJS15HYRFS,1221.00,1.799.00,https://images.webfronts.com/cache/frkdmthwqpma.jpg?imgeng=/w_800/h_600/m_letterbox_ffffff_100
18 cu. ft. Smart Counter Depth 3-Door French Door Refrigerator in Stainless Look,Samsung,RF18A5101S9,RF18A5101S9,1221.00,,https://images.webfronts.com/cache/rdfuittquelg.jpg?imgeng=/w_800/h_600/m_letterbox_ffffff_100
18 cu. ft. Smart Counter Depth 3-Door French Door Refrigerator in Black Stainless Steel,Samsung,RF18A5101SG,RF18A5101SG,1599.00,,https://images.webfronts.com/cache/rdiyowbmlaow.jpg?imgeng=/w_800/h_600/m_letterbox_ffffff_100
18 cu. ft. Smart Counter Depth 3-Door French Door Refrigerator in Stainless Steel,Samsung,RF18A5101SR,RF18A5101SR,1332.00,,https://images.webfronts.com/cache/rdfuittquelg.jpg?imgeng=/w_800/h_600/m_letterbox_ffffff_100
17.6 Cu. Ft. Counter-Depth French Door Refrigerator,Frigidaire,FRFG1723AV,FRFG1723AV,1999.00,2.249.00,https://images.webfronts.com/cache/frudefxsnhbx.jpg?imgeng=/w_800/h_600/m_letterbox_ffffff_100
Haier ENERGY STAR® 16.8 Cu. Ft. Quad Door Refrigerator,Haier,QHE16HYPFS,QHE16HYPFS,1221.00,1999.0,https://images.webfronts.com/cache/frlvgktxunhk.jpg?imgeng=/w_800/h_600/m_letterbox_ffffff_100
14.5 Cu. Ft. 4 Door Refrigerator,Haier,QJS15HYRFS,QJS15HYRFS,1221.00,1799.0,https://images.webfronts.com/cache/frkdmthwqpma.jpg?imgeng=/w_800/h_600/m_letterbox_ffffff_100
18 cu. ft. Smart Counter Depth 3-Door French Door Refrigerator in Stainless Look,Samsung,RF18A5101S9,RF18A5101S9,1221.00,,https://images.webfronts.com/cache/rdfuittquelg.jpg?imgeng=/w_800/h_600/m_letterbox_ffffff_100
18 cu. ft. Smart Counter Depth 3-Door French Door Refrigerator in Black Stainless Steel,Samsung,RF18A5101SG,RF18A5101SG,1599.00,,https://images.webfronts.com/cache/rdiyowbmlaow.jpg?imgeng=/w_800/h_600/m_letterbox_ffffff_100
18 cu. ft. Smart Counter Depth 3-Door French Door Refrigerator in Stainless Steel,Samsung,RF18A5101SR,RF18A5101SR,1332.00,,https://images.webfronts.com/cache/rdfuittquelg.jpg?imgeng=/w_800/h_600/m_letterbox_ffffff_100
17.6 Cu. Ft. Counter-Depth French Door Refrigerator,Frigidaire,FRFG1723AV,FRFG1723AV,1999.00,2249.0,https://images.webfronts.com/cache/frudefxsnhbx.jpg?imgeng=/w_800/h_600/m_letterbox_ffffff_100
17 Cu. Ft. Counter-Depth 4-Door Refrigerator,Frigidaire,FRQG1721AV,FRQG1721AV,1699.00,1949.0,https://images.webfronts.com/cache/frmuxyqkwunl.jpg?imgeng=/w_800/h_600/m_letterbox_ffffff_100
22 cu. ft. 30-inch Wide French Door Refrigerator - Stainless Steel,LG Appliances,LFCS22520S,LFCS22520S,1299.00,1942.0,https://images.webfronts.com/cache/frteyxoktqov.jpg?imgeng=/w_800/h_600/m_letterbox_ffffff_100
22 cu. ft. French Door Refrigerator,LG Appliances,LFCS22520D,LFCS22520D,1399.00,2065.0,https://images.webfronts.com/cache/rdpuuexopjvl.jpg?imgeng=/w_800/h_600/m_letterbox_ffffff_100
"21 cu. ft., 3-Door French Door, Counter-Depth MAX™ Refrigerator",LG Appliances,LF21G6200S,LF21G6200S,1299.00,2187.0,https://images.webfronts.com/cache/frzvnbjngetz.jpg?imgeng=/w_800/h_600/m_letterbox_ffffff_100
27 cu. ft. Counter Depth Mega Capacity 3-Door French Door Refrigerator with Dual Auto Ice Maker in a Stainless Look,Samsung,RF27CG5010S9,RF27CG5010S9,1443.00,,https://images.webfronts.com/cache/frbwqoqkrfbx.jpg?imgeng=/w_800/h_600/m_letterbox_ffffff_100
GE® ENERGY STAR® 24.7 Cu. Ft. French-Door Refrigerator,GE Appliances,GNE25JYKFS,GNE25JYKFS,1554.00,2299.0,https://images.webfronts.com/cache/fruncflmlaix.jpg?imgeng=/w_800/h_600/m_letterbox_ffffff_100
GE® ENERGY STAR® 24.7 Cu. Ft. French-Door Refrigerator,GE Appliances,GNE25JMKES,GNE25JMKES,2299.00,,https://images.webfronts.com/cache/frtoypwpiraj.jpg?imgeng=/w_800/h_600/m_letterbox_ffffff_100
GE® ENERGY STAR® 24.7 Cu. Ft. French-Door Refrigerator,GE Appliances,GNE25JGKBB,GNE25JGKBB,2199.00,,https://images.webfronts.com/cache/frfyleaxijuv.jpg?imgeng=/w_800/h_600/m_letterbox_ffffff_100
GE® ENERGY STAR® 24.7 Cu. Ft. French-Door Refrigerator,GE Appliances,GNE25JGKWW,GNE25JGKWW,2199.00,,https://images.webfronts.com/cache/friryhwcgftx.jpg?imgeng=/w_800/h_600/m_letterbox_ffffff_100
GE® ENERGY STAR® 27.0 Cu. Ft. French-Door Refrigerator,GE Appliances,GNE27JMMES,GNE27JMMES,1554.00,2599.0,https://images.webfronts.com/cache/frtelaskiunr.jpg?imgeng=/w_800/h_600/m_letterbox_ffffff_100
GE ENERGY STAR 27.0 Cu. Ft. Fingerprint Resistant French-Door Refrigerator,GE Appliances,GNE27JYMFS,GNE27JYMFS,1554.00,2599.0,https://images.webfronts.com/cache/frehqafucldi.jpg?imgeng=/w_800/h_600/m_letterbox_ffffff_100
GE® ENERGY STAR® 27.0 Cu. Ft. French-Door Refrigerator,GE Appliances,GNE27JGMBB,GNE27JGMBB,2499.00,,https://images.webfronts.com/cache/fryfrgnazwdt.jpg?imgeng=/w_800/h_600/m_letterbox_ffffff_100
GE ENERGY STAR 27.0 Cu. Ft. French-Door Refrigerator,GE Appliances,GNE27JGMWW,GNE27JGMWW,2499.00,,https://images.webfronts.com/cache/frtwmcggjema.jpg?imgeng=/w_800/h_600/m_letterbox_ffffff_100
29 Cu. Ft. Standard-Depth French Door Refrigerator,Frigidaire,FRFN2813AF,FRFN2813AF,1887.00,2137.0,https://images.webfronts.com/cache/frnmclltxzoc.jpg?imgeng=/w_800/h_600/m_letterbox_ffffff_100
20 Cu. Ft. Standard-Depth French Door Refrigerator,Frigidaire,GRFN2023AF,GRFN2023AF,1779.00,2029.0,https://images.webfronts.com/cache/frjbqtqpjxis.jpg?imgeng=/w_800/h_600/m_letterbox_ffffff_100
25 cu.ft. 3-Door French Door Refrigerator with Hybrid Handle Design,LG Appliances,LF25H6200S,LF25H6200S,1399.00,1869.0,https://images.webfronts.com/cache/frvohkuuaqyd.jpg?imgeng=/w_800/h_600/m_letterbox_ffffff_100
32 cu. ft. Mega Capacity 3-Door French Door Refrigerator with Dual Auto Ice Maker in Stainless Steel,Samsung,RF32CG5100SRAA,RF32CG5100SRAA,1554.00,,https://images.webfronts.com/cache/pchnblvydbvq.jpg?imgeng=/w_800/h_600/m_letterbox_ffffff_100
GE® ENERGY STAR® 25.7 Cu. Ft. French-Door Refrigerator,GE Appliances,GFE26JMMES,GFE26JMMES,1665.00,2899.0,https://images.webfronts.com/cache/frdteoywsnfd.jpg?imgeng=/w_800/h_600/m_letterbox_ffffff_100
GE® ENERGY STAR® 25.7 Cu. Ft. French-Door Refrigerator,GE Appliances,GFE26JEMDS,GFE26JEMDS,1777.00,2999.0,https://images.webfronts.com/cache/frzameplftkj.jpg?imgeng=/w_800/h_600/m_letterbox_ffffff_100
GE® ENERGY STAR® 25.7 Cu. Ft. French-Door Refrigerator,GE Appliances,GFE26JGMBB,GFE26JGMBB,2799.00,,https://images.webfronts.com/cache/fruojdqywagu.jpg?imgeng=/w_800/h_600/m_letterbox_ffffff_100
GE® ENERGY STAR® 25.7 Cu. Ft. French-Door Refrigerator,GE Appliances,GFE26JGMWW,GFE26JGMWW,2799.00,,https://images.webfronts.com/cache/frjlbnlbowpd.jpg?imgeng=/w_800/h_600/m_letterbox_ffffff_100
GE ENERGY STAR 25.7 Cu. Ft. Fingerprint Resistant French-Door Refrigerator,GE Appliances,GFE26JYMFS,GFE26JYMFS,1665.00,2899.0,https://images.webfronts.com/cache/frmukramwoup.jpg?imgeng=/w_800/h_600/m_letterbox_ffffff_100
GE® ENERGY STAR® 18.6 Cu. Ft. Counter-Depth French-Door Refrigerator,GE Appliances,GWE19JYLFS,GWE19JYLFS,1665.00,2299.0,https://images.webfronts.com/cache/fruncflmlaix.jpg?imgeng=/w_800/h_600/m_letterbox_ffffff_100
GE® ENERGY STAR® 18.6 Cu. Ft. Counter-Depth French-Door Refrigerator,GE Appliances,GWE19JMLES,GWE19JMLES,2299.00,,https://images.webfronts.com/cache/frtoypwpiraj.jpg?imgeng=/w_800/h_600/m_letterbox_ffffff_100
GE® ENERGY STAR® 18.6 Cu. Ft. Counter-Depth French-Door Refrigerator,GE Appliances,GWE19JGLBB,GWE19JGLBB,2199.00,,https://images.webfronts.com/cache/frfyleaxijuv.jpg?imgeng=/w_800/h_600/m_letterbox_ffffff_100
GE® ENERGY STAR® 18.6 Cu. Ft. Counter-Depth French-Door Refrigerator,GE Appliances,GWE19JGLWW,GWE19JGLWW,2199.00,,https://images.webfronts.com/cache/friryhwcgftx.jpg?imgeng=/w_800/h_600/m_letterbox_ffffff_100
GE® ENERGY STAR® 21.9 Cu. Ft. Fingerprint Resistant Counter-Depth French-Door Refrigerator,GE Appliances,GWE22JYMFS,GWE22JYMFS,1665.00,2699.0,https://images.webfronts.com/cache/frehqafucldi.jpg?imgeng=/w_800/h_600/m_letterbox_ffffff_100
22 cu. ft. French Door Refrigerator,LG Appliances,LFDS22520S,LFDS22520S,1499.00,2419.0,https://images.webfronts.com/cache/frfdhapnyisf.jpg?imgeng=/w_800/h_600/m_letterbox_ffffff_100
29 cu.ft. French Door Refrigerator,LG Appliances,LRFCS29D6S,LRFCS29D6S,1499.00,2187.0,https://images.webfronts.com/cache/frnfznqpwykz.jpg?imgeng=/w_800/h_600/m_letterbox_ffffff_100
22 cu. ft. Smart 3-Door French Door Refrigerator with External Water Dispenser in Fingerprint Resistant Stainless Steel,Samsung,RF22A4221SR,RF22A4221SR,1666.00,,https://images.webfronts.com/cache/rdargxuopvnk.jpg?imgeng=/w_800/h_600/m_letterbox_ffffff_100
27 cu. ft. Mega Capacity Counter Depth 3-Door French Door Refrigerator with Dual Auto Ice Maker in Stainless Steel,Samsung,RF27CG5100SRAA,RF27CG5100SRAA,1666.00,,https://images.webfronts.com/cache/frhwaozlnadq.jpg?imgeng=/w_800/h_600/m_letterbox_ffffff_100
26 cu. ft. Mega Capacity Counter Depth 3-Door French Door Refrigerator with External Water and Ice Dispenser in Stainless Steel,Samsung,RF27CG5B10SR,RF27CG5B10SR,1666.00,,https://images.webfronts.com/cache/frnmdzonbgkj.jpg?imgeng=/w_800/h_600/m_letterbox_ffffff_100
31 cu. ft. Mega Capacity 3-Door French Door Refrigerator with External Water and Ice Dispenser in Stainless Steel,Samsung,RF32CG5B10SR,RF32CG5B10SR,1666.00,,https://images.webfronts.com/cache/frnbcnqywdym.jpg?imgeng=/w_800/h_600/m_letterbox_ffffff_100
27 cu. ft. Smart Counter-Depth MAX™ French Door Refrigerator,LG Appliances,LRFLC2706S,LRFLC2706S,1599.00,2529.0,https://images.webfronts.com/cache/frsquusgtbvo.jpg?imgeng=/w_800/h_600/m_letterbox_ffffff_100
"28 cu.ft 3 Door French Door, Standard Depth, Ice and Water with Single Ice Maker",LG Appliances,LRFS28XBS,LRFS28XBS,1599.00,2969.0,https://images.webfronts.com/cache/frmjxzwwjnfp.jpg?imgeng=/w_800/h_600/m_letterbox_ffffff_100
"28 cu.ft 3 Door French Door, Standard Depth, Ice and Water with Single Ice",LG Appliances,LRFS28XBD,LRFS28XBD,1799.00,2969.0,https://images.webfronts.com/cache/rdduvffujmdj.jpg?imgeng=/w_800/h_600/m_letterbox_ffffff_100
32 cu. ft. 36-inch MAX™ French Door Refrigerator - Stainless Steel,LG Appliances,LRFLS3206S,LRFLS3206S,1599.00,2419.0,https://images.webfronts.com/cache/rdxjwykdittb.jpg?imgeng=/w_800/h_600/m_letterbox_ffffff_100
32 cu. ft. Smart Standard-Depth MAX™ French Door Refrigerator,LG Appliances,LRFLS3216S,LRFLS3216S,1599.00,2419.0,https://images.webfronts.com/cache/frookiyxfrsk.jpg?imgeng=/w_800/h_600/m_letterbox_ffffff_100
27 cu. ft. Smart Counter-Depth MAX™ French Door Refrigerator,LG Appliances,LRFLC2716S,LRFLC2716S,1599.00,2529.0,https://images.webfronts.com/cache/frrzzvwtzbfu.jpg?imgeng=/w_800/h_600/m_letterbox_ffffff_100
GE® ENERGY STAR® 20.6 Cu. Ft. Fingerprint Resistant Counter-Depth French-Door Refrigerator,GE Appliances,GYE21JYMFS,GYE21JYMFS,1777.00,2999.0,https://images.webfronts.com/cache/frmukramwoup.jpg?imgeng=/w_800/h_600/m_letterbox_ffffff_100
"25 cu. ft. 33"" 3-Door French Door Refrigerator with Beverage Center™ in Stainless Steel",Samsung,RF25C5551SR,RF25C5551SR,1777.00,,https://images.webfronts.com/cache/frccvlzvwcjj.jpg?imgeng=/w_800/h_600/m_letterbox_ffffff_100
28 Cu. Ft. Standard-Depth French Door Refrigerator,Frigidaire,FRFS2823AS,FRFS2823AS,2699.00,3049.0,https://images.webfronts.com/cache/frebsorpjkci.jpg?imgeng=/w_800/h_600/m_letterbox_ffffff_100
28 Cu. Ft. Standard-Depth French Door Refrigerator,Frigidaire,FRFS2823AD,FRFS2823AD,2799.00,3149.0,https://images.webfronts.com/cache/frnpabfiedhv.jpg?imgeng=/w_800/h_600/m_letterbox_ffffff_100
28 Cu. Ft. Standard-Depth French Door Refrigerator,Frigidaire,FRFS2823AW,FRFS2823AW,2599.00,2899.0,https://images.webfronts.com/cache/frkafsoprqrf.jpg?imgeng=/w_800/h_600/m_letterbox_ffffff_100
28 cu. ft. 36-Inch Wide French Door Refrigerator - Stainless Steel,LG Appliances,LMXS28626S,LMXS28626S,1699.00,2859.0,https://images.webfronts.com/cache/frbwxgwrkkau.jpg?imgeng=/w_800/h_600/m_letterbox_ffffff_100
28 cu. ft. 4-Door French Door Refrigerator with FlexZone™ Drawer in Stainless Steel,Samsung,RF28R7201SR,RF28R7201SR,1888.00,,https://images.webfronts.com/cache/rdohptdoyxtf.jpg?imgeng=/w_800/h_600/m_letterbox_ffffff_100
Bespoke 3-Door French Door Refrigerator 30 cu. ft. in White Glass with AutoFill Water Pitcher,Samsung,RF30BB620012,RF30BB620012,1888.00,,https://images.webfronts.com/cache/rddqiekrkhfv.jpg?imgeng=/w_800/h_600/m_letterbox_ffffff_100
Bespoke 3-Door French Door Refrigerator 30 cu. ft. in Stainless Steel with AutoFill Water Pitcher,Samsung,RF30BB6200QL,RF30BB6200QL,1888.00,,https://images.webfronts.com/cache/rdirwmnjaveh.jpg?imgeng=/w_800/h_600/m_letterbox_ffffff_100
31 cu. ft. Mega Capacity 3-Door French Door Refrigerator with Four Types of Ice in Stainless Steel,Samsung,RF32CG5400SR,RF32CG5400SR,1888.00,,https://images.webfronts.com/cache/frpfztczuigx.jpg?imgeng=/w_800/h_600/m_letterbox_ffffff_100
31 cu. ft. Mega Capacity 3-Door French Door Refrigerator with Four Types of Ice in Matte Black Steel,Samsung,RF32CG5400MT,RF32CG5400MT,1999.00,,https://images.webfronts.com/cache/frzmudooocqz.jpg?imgeng=/w_800/h_600/m_letterbox_ffffff_100
26 cu. ft. Mega Capacity Counter Depth 3-Door French Door Refrigerator with Four Types of Ice in Stainless Steel,Samsung,RF27CG5400SR,RF27CG5400SR,1888.00,,https://images.webfronts.com/cache/frljnxmdpeyo.jpg?imgeng=/w_800/h_600/m_letterbox_ffffff_100
33-Inch Wide Bottom Mount Refrigerator - 22 Cu. Ft.,Maytag,MBF2258FEZ,MBF2258FEZ,1888.00,1999.0,https://images.webfronts.com/cache/mekxqotxjhdg.jpg?imgeng=/w_800/h_600/m_letterbox_ffffff_100
30-inch Wide French Door Refrigerator - 20 cu. ft.,Whirlpool,WRF560SEHZ,WRF560SEHZ,1999.00,2199.0,https://images.webfronts.com/cache/menpcjdnqmvs.jpg?imgeng=/w_800/h_600/m_letterbox_ffffff_100
30-inch Wide French Door Refrigerator - 20 cu. ft.,Whirlpool,WRF560SEHB,WRF560SEHB,1999.00,2199.0,https://images.webfronts.com/cache/meuhtivyjkry.jpg?imgeng=/w_800/h_600/m_letterbox_ffffff_100
30-inch Wide French Door Refrigerator - 20 cu. ft.,Whirlpool,WRF560SEHV,WRF560SEHV,1999.00,2299.0,https://images.webfronts.com/cache/meeoislvljnr.jpg?imgeng=/w_800/h_600/m_letterbox_ffffff_100
30-inch Wide French Door Refrigerator - 20 cu. ft.,Whirlpool,WRF560SEHW,WRF560SEHW,1999.00,2199.0,https://images.webfronts.com/cache/melidsqmdkns.jpg?imgeng=/w_800/h_600/m_letterbox_ffffff_100
30-inch Wide French Door Refrigerator - 20 cu. ft.,Whirlpool,WRF560SMHB,WRF560SMHB,1888.00,1999.0,https://images.webfronts.com/cache/mepgrhttgiki.jpg?imgeng=/w_800/h_600/m_letterbox_ffffff_100
30-inch Wide French Door Refrigerator - 20 cu. ft.,Whirlpool,WRF560SMHZ,WRF560SMHZ,1999.00,,https://images.webfronts.com/cache/medfkkfvhnid.jpg?imgeng=/w_800/h_600/m_letterbox_ffffff_100
30-inch Wide French Door Refrigerator - 20 cu. ft.,Whirlpool,WRF560SMHV,WRF560SMHV,1888.00,2099.0,https://images.webfronts.com/cache/meurckurxcfo.jpg?imgeng=/w_800/h_600/m_letterbox_ffffff_100
36-Inch Wide Full-Depth French Door Bottom Mount Refrigerator - 25 cu. ft.,Whirlpool,WRFF3036RW,WRFF3036RW,1888.00,2299.0,https://images.webfronts.com/cache/menjcrdgwsde.jpg?imgeng=/w_800/h_600/m_letterbox_ffffff_100
36-Inch Wide Full-Depth French Door Bottom Mount Refrigerator - 25 cu. ft.,Whirlpool,WRFF3036RB,WRFF3036RB,2299.00,,https://images.webfronts.com/cache/memddeyvldls.jpg?imgeng=/w_800/h_600/m_letterbox_ffffff_100
36-Inch Wide Full-Depth French Door Bottom Mount Refrigerator - 25 cu. ft.,Whirlpool,WRFF3036RZ,WRFF3036RZ,1999.00,2299.0,https://images.webfronts.com/cache/mebwwdllnkwj.jpg?imgeng=/w_800/h_600/m_letterbox_ffffff_100
36-Inch Wide Full-Depth French Door Bottom Mount Refrigerator - 25 cu. ft.,Whirlpool,WRFF3236RB,WRFF3236RB,1999.00,2399.0,https://images.webfronts.com/cache/memddeyvldls.jpg?imgeng=/w_800/h_600/m_letterbox_ffffff_100
36-Inch Wide Full-Depth French Door Bottom Mount Refrigerator - 25 cu. ft.,Whirlpool,WRFF3236RV,WRFF3236RV,2110.00,2499.0,https://images.webfronts.com/cache/mehxuwdewpny.jpg?imgeng=/w_800/h_600/m_letterbox_ffffff_100
36-Inch Wide Full-Depth French Door Bottom Mount Refrigerator - 25 cu. ft.,Whirlpool,WRFF3236RW,WRFF3236RW,2110.00,2399.0,https://images.webfronts.com/cache/menjcrdgwsde.jpg?imgeng=/w_800/h_600/m_letterbox_ffffff_100
36-Inch Wide Full-Depth French Door Bottom Mount Refrigerator - 25 cu. ft.,Whirlpool,WRFF3236RZ,WRFF3236RZ,1999.00,2399.0,https://images.webfronts.com/cache/mebwwdllnkwj.jpg?imgeng=/w_800/h_600/m_letterbox_ffffff_100
22.6 Cu. Ft. Counter-Depth French Door Refrigerator,Frigidaire,FRFC2323AS,FRFC2323AS,2999.00,3349.0,https://images.webfronts.com/cache/frweevanknij.jpg?imgeng=/w_800/h_600/m_letterbox_ffffff_100
Maytag® 36 Inch Wide French Door Bottom Mount Refrigerator with Max Cool Setting - 25 Cu. Ft.,Maytag,MRFF4136RZ,MRFF4136RZ,1943.00,2399.0,https://images.webfronts.com/cache/medgdxjxmpks.jpg?imgeng=/w_800/h_600/m_letterbox_ffffff_100
26 cu. ft. Smart Counter-Depth MAX™ Refrigerator with Dual Ice Makers,LG Appliances,LRFXC2606S,LRFXC2606S,1799.00,2969.0,https://images.webfronts.com/cache/rdixeqcsruxl.jpg?imgeng=/w_800/h_600/m_letterbox_ffffff_100
30 cu. ft. Smart Standard-Depth MAX™ 4-Door French Door Refrigerator with Full-Convert Drawer™,LG Appliances,LF30S8210S,LF30S8210S,1799.00,2639.0,https://images.webfronts.com/cache/frhdlyyjtzpv.jpg?imgeng=/w_800/h_600/m_letterbox_ffffff_100
Bespoke 3-Door French Door Refrigerator (30 cu. ft.) with Beverage Center™ in White Glass,Samsung,RF30BB660012,RF30BB660012,1999.00,,https://images.webfronts.com/cache/rdbjmkoqethk.jpg?imgeng=/w_800/h_600/m_letterbox_ffffff_100
Bespoke 3-Door French Door Refrigerator (30 cu. ft.) with Beverage Center™ in Stainless Steel,Samsung,RF30BB6600QL,RF30BB6600QL,1999.00,,https://images.webfronts.com/cache/rdcosdpjyxup.jpg?imgeng=/w_800/h_600/m_letterbox_ffffff_100
Maytag® 36 Inch Wide French Door Bottom Mount Refrigerator with Max Cool Setting - 25 Cu. Ft.,Maytag,MRFF4236RZ,MRFF4236RZ,1999.00,2499.0,https://images.webfronts.com/cache/medgdxjxmpks.jpg?imgeng=/w_800/h_600/m_letterbox_ffffff_100
36-inch Wide Counter Depth 4 Door Refrigerator - 19.4 cu. ft.,Whirlpool,WRQA59CNKZ,WRQA59CNKZ,2110.00,2599.0,https://images.webfronts.com/cache/mehjjwyabpxs.jpg?imgeng=/w_800/h_600/m_letterbox_ffffff_100
33-inch Wide French Door Refrigerator - 22 cu. ft.,Whirlpool,WRFF5333PB,WRFF5333PB,1999.00,2399.0,https://images.webfronts.com/cache/mejkrdjimput.jpg?imgeng=/w_800/h_600/m_letterbox_ffffff_100
33-inch Wide French Door Refrigerator - 22 cu. ft.,Whirlpool,WRFF5333PV,WRFF5333PV,1999.00,2499.0,https://images.webfronts.com/cache/mefyqdtylcid.jpg?imgeng=/w_800/h_600/m_letterbox_ffffff_100
33-inch Wide French Door Refrigerator - 22 cu. ft.,Whirlpool,WRFF5333PW,WRFF5333PW,1999.00,2399.0,https://images.webfronts.com/cache/membyoybsfwt.jpg?imgeng=/w_800/h_600/m_letterbox_ffffff_100
33-inch Wide French Door Refrigerator - 22 cu. ft.,Whirlpool,WRFF5333PZ,WRFF5333PZ,1999.00,2399.0,https://images.webfronts.com/cache/medxrqkprdwn.jpg?imgeng=/w_800/h_600/m_letterbox_ffffff_100
36-Inch Wide French Door Bottom Mount Refrigerator - 25 cu. ft.,Whirlpool,WRFF3436RB,WRFF3436RB,2110.00,2699.0,https://images.webfronts.com/cache/meqxxgligdub.jpg?imgeng=/w_800/h_600/m_letterbox_ffffff_100
36-Inch Wide French Door Bottom Mount Refrigerator - 25 cu. ft.,Whirlpool,WRFF3436RV,WRFF3436RV,2221.00,2799.0,https://images.webfronts.com/cache/memxrhofmeja.jpg?imgeng=/w_800/h_600/m_letterbox_ffffff_100
36-Inch Wide French Door Bottom Mount Refrigerator - 25 cu. ft.,Whirlpool,WRFF3436RW,WRFF3436RW,2110.00,2699.0,https://images.webfronts.com/cache/menwsdtfggtu.jpg?imgeng=/w_800/h_600/m_letterbox_ffffff_100
36-Inch Wide French Door Bottom Mount Refrigerator - 25 cu. ft.,Whirlpool,WRFF3436RZ,WRFF3436RZ,2110.00,2699.0,https://images.webfronts.com/cache/mevlaqxamehy.jpg?imgeng=/w_800/h_600/m_letterbox_ffffff_100
28 Cu. Ft. Standard-Depth French Door Refrigerator,Frigidaire,GRFS2853AF,GRFS2853AF,2999.00,3349.0,https://images.webfronts.com/cache/frlbyifaiahr.jpg?imgeng=/w_800/h_600/m_letterbox_ffffff_100
28 Cu. Ft. Standard-Depth French Door Refrigerator,Frigidaire,GRFS2853AD,GRFS2853AD,2789.00,3449.99,https://images.webfronts.com/cache/frpmbusomnri.jpg?imgeng=/w_800/h_600/m_letterbox_ffffff_100
29 Cu. Ft. Standard-Depth French Door Refrigerator,Frigidaire,GRFN2853AF,GRFN2853AF,2429.00,3049.99,https://images.webfronts.com/cache/frbjtathiijm.jpg?imgeng=/w_800/h_600/m_letterbox_ffffff_100
26 Cu. Ft. Standard-Depth 4-Door French Door Refrigerator,Frigidaire,FRMS2733AV,FRMS2733AV,2429.00,3049.99,https://images.webfronts.com/cache/frnrhltnmktl.jpg?imgeng=/w_800/h_600/m_letterbox_ffffff_100
29 cu ft. French Door Refrigerator with Slim Design Water Dispenser,LG Appliances,LRFWS2906S,LRFWS2906S,1899.00,2431.0,https://images.webfronts.com/cache/frqavawaifzh.jpg?imgeng=/w_800/h_600/m_letterbox_ffffff_100
"26 cu. ft. Counter-Depth MAX™, French Door Refrigerator, with Craft Ice™",LG Appliances,LRRXC2606S,LRRXC2606S,1899.00,3189.0,https://images.webfronts.com/cache/fruhkkahrnhk.jpg?imgeng=/w_800/h_600/m_letterbox_ffffff_100
33-Inch Wide French Door Refrigerator with Water Dispenser - 22 Cu. Ft,Maytag,MRFF5033PZ,MRFF5033PZ,2110.00,2499.0,https://images.webfronts.com/cache/melyerirhppn.jpg?imgeng=/w_800/h_600/m_letterbox_ffffff_100
27 Cu. Ft. Standard-Depth 4-Door French Door Refrigerator,Frigidaire,GRMN2872AF,GRMN2872AF,2699.00,3349.99,https://images.webfronts.com/cache/frrmeyvyxyxo.jpg?imgeng=/w_800/h_600/m_letterbox_ffffff_100
GE® ENERGY STAR® 20.8 Cu. Ft. French-Door Refrigerator,GE Appliances,GNE21FYKFS,GNE21FYKFS,1979.00,,https://images.webfronts.com/cache/frkrezunolvu.jpg?imgeng=/w_800/h_600/m_letterbox_ffffff_100
GE® ENERGY STAR® 27.7 Cu. Ft. French-Door Refrigerator,GE Appliances,GFE28GMKES,GFE28GMKES,1999.00,,https://images.webfronts.com/cache/frjvomwrhjpl.jpg?imgeng=/w_800/h_600/m_letterbox_ffffff_100
GE® ENERGY STAR® 27.7 Cu. Ft. French-Door Refrigerator,GE Appliances,GFE28GELDS,GFE28GELDS,2099.00,,https://images.webfronts.com/cache/freauoksfkik.jpg?imgeng=/w_800/h_600/m_letterbox_ffffff_100
GE® ENERGY STAR® 27.7 Cu. Ft. Fingerprint Resistant French-Door Refrigerator,GE Appliances,GFE28GYNFS,GFE28GYNFS,1999.00,,https://images.webfronts.com/cache/frlbszpzitle.jpg?imgeng=/w_800/h_600/m_letterbox_ffffff_100
23 Cu. Ft. Counter-Depth French Door Refrigerator,Frigidaire,GRFC2353AF,GRFC2353AF,2969.00,3699.99,https://images.webfronts.com/cache/frrbwudwfeig.jpg?imgeng=/w_800/h_600/m_letterbox_ffffff_100
23 Cu. Ft. Counter-Depth French Door Refrigerator,Frigidaire,GRFC2353AD,GRFC2353AD,3059.00,3799.99,https://images.webfronts.com/cache/frpsemwumpis.jpg?imgeng=/w_800/h_600/m_letterbox_ffffff_100
23.3 Cu. Ft. Counter-Depth French Door Refrigerator,Frigidaire,GRFG2353AF,GRFG2353AF,2699.00,3349.99,https://images.webfronts.com/cache/frqskfbjlqwx.jpg?imgeng=/w_800/h_600/m_letterbox_ffffff_100
22 Cu. Ft. Counter-Depth 4-Door Refrigerator,Frigidaire,GRQC2255BF,GRQC2255BF,3419.00,4199.99,https://images.webfronts.com/cache/frbdngfavwsr.jpg?imgeng=/w_800/h_600/m_letterbox_ffffff_100
22 Cu. Ft. Counter-Depth 4-Door French Door Refrigerator,Frigidaire,GRMG2272CF,GRMG2272CF,2969.00,3699.99,https://images.webfronts.com/cache/frkgwsqvscon.jpg?imgeng=/w_800/h_600/m_letterbox_ffffff_100
26 Cu. Ft. Standard-Depth 4-Door French Door Refrigerator,Frigidaire,GRMS2773AF,GRMS2773AF,2879.00,3599.99,https://images.webfronts.com/cache/frizdxgivmtz.jpg?imgeng=/w_800/h_600/m_letterbox_ffffff_100
29 cu. ft. Smart Standard-Depth MAX™ 4-Door French Door Refrigerator with Full-Convert Drawer™,LG Appliances,LF29H8330S,LF29H8330S,1999.00,3079.0,https://images.webfronts.com/cache/frlvqyxqdkkt.jpg?imgeng=/w_800/h_600/m_letterbox_ffffff_100
29 cu. ft. Smart Standard-Depth MAX™ 4-Door French Door Refrigerator with Full-Convert Drawer™,LG Appliances,LF29H8330D,LF29H8330D,2299.00,3189.0,https://images.webfronts.com/cache/rdoaqccluaqs.jpg?imgeng=/w_800/h_600/m_letterbox_ffffff_100
"26 cu.ft. Counter-Depth MAX, 4-Door French Door Refrigerator with Full-Convert Drawer™ and Internal Ice and Water Dispenser",LG Appliances,LF26C8210S,LF26C8210S,1999.00,2859.0,https://images.webfronts.com/cache/frogqaeszgao.jpg?imgeng=/w_800/h_600/m_letterbox_ffffff_100
25 cu.ft. 3-Door French Door Refrigerator with Hybrid Handle Design and External Ice and Water Dispenser,LG Appliances,LF25H6330S,LF25H6330S,1999.00,2639.0,https://images.webfronts.com/cache/frvmcbwfjskx.jpg?imgeng=/w_800/h_600/m_letterbox_ffffff_100
Bespoke 3-Door French Door Refrigerator (24 cu. ft.) with Beverage Center™ in White Glass,Samsung,RF24BB660012,RF24BB660012,2221.00,,https://images.webfronts.com/cache/rdnpobraiyus.jpg?imgeng=/w_800/h_600/m_letterbox_ffffff_100
Bespoke 3-Door French Door Refrigerator (24 cu. ft.) with Beverage Center™ in Stainless Steel,Samsung,RF24BB6600QL,RF24BB6600QL,2221.00,,https://images.webfronts.com/cache/rdfsqiubfcai.jpg?imgeng=/w_800/h_600/m_letterbox_ffffff_100
Bespoke 4-Door French Door Refrigerator (29 cu. ft.) with Beverage Center™ in White Glass,Samsung,RF29BB860012,RF29BB860012,2221.00,,https://images.webfronts.com/cache/rdtgjgktbwrl.jpg?imgeng=/w_800/h_600/m_letterbox_ffffff_100
Bespoke 4-Door French Door Refrigerator (29 cu. ft.) with Beverage Center™ in Morning Blue Glass Top Panels and White Glass Middle and Bottom Panels,Samsung,RF29BB86004M,RF29BB86004M,2221.00,,https://images.webfronts.com/cache/rdutplqoievp.jpg?imgeng=/w_800/h_600/m_letterbox_ffffff_100
Bespoke 4-Door French Door Refrigerator (29 cu. ft.) with Beverage Center™ in Stainless Steel,Samsung,RF29BB8600QL,RF29BB8600QL,2221.00,,https://images.webfronts.com/cache/rdoeiivjajmx.jpg?imgeng=/w_800/h_600/m_letterbox_ffffff_100
Bespoke 23 cu. ft. Counter Depth 4-Door French Door Refrigerator with Inner Beverage Center™ & FlexZone™ Drawer in Stainless Steel,Samsung,RF70F23DERAA,RF70F23DERAA,2221.00,,https://images.webfronts.com/cache/frojofkgyuzh.jpg?imgeng=/w_800/h_600/m_letterbox_ffffff_100
Bespoke 29 cu. ft. 4-Door French Door Refrigerator with Inner Beverage Center™ & FlexZone™ Drawer in Stainless Steel,Samsung,RF70F29DERAA,RF70F29DERAA,2221.00,,https://images.webfronts.com/cache/frazdakhiaoe.jpg?imgeng=/w_800/h_600/m_letterbox_ffffff_100
"100 Series French Door Bottom Mount Refrigerator 36"" Stainless steel (with anti-fingerprint), Total No Frost",Bosch,B36FD10ENS,B36FD10ENS,1999.00,2699.0,https://images.webfronts.com/cache/frpcsiyqdnyn.webp?imgeng=/w_800/h_600/m_letterbox_ffffff_100
22 Cu. Ft. 33-Inch Width Standard Depth French Door Refrigerator with Interior Dispenser,KitchenAid,KRFF302ESS,KRFF302ESS,2221.00,2599.99,https://images.webfronts.com/cache/meuvmugitbqy.jpg?imgeng=/w_800/h_600/m_letterbox_ffffff_100
22 cu. Ft. 33-Inch Width Standard Depth French Door Refrigerator with Interior Dispense and PrintShield™ Finish,KitchenAid,KRFF302EBS,KRFF302EBS,2332.00,2699.99,https://images.webfronts.com/cache/merxljoppvww.jpg?imgeng=/w_800/h_600/m_letterbox_ffffff_100
25 Cu. Ft. 36-Width Standard Depth French Door Refrigerator with Interior Dispense,KitchenAid,KRFF305ESS,KRFF305ESS,2221.00,2599.99,https://images.webfronts.com/cache/meqnmmeqitsl.jpg?imgeng=/w_800/h_600/m_letterbox_ffffff_100
25 Cu. Ft. 36-Width Standard Depth French Door Refrigerator with Interior Dispense and PrintShield™ Finish,KitchenAid,KRFF305EBS,KRFF305EBS,2332.00,2699.99,https://images.webfronts.com/cache/meqbqatilpdf.jpg?imgeng=/w_800/h_600/m_letterbox_ffffff_100
20 cu. ft. 36-Inch Width Counter-Depth French Door Refrigerator with Interior Dispense,KitchenAid,KRFC136RPS,KRFC136RPS,2443.00,2799.99,https://images.webfronts.com/cache/meelaspovkyt.jpg?imgeng=/w_800/h_600/m_letterbox_ffffff_100
20 cu. ft. 36-Inch Width Counter-Depth French Door Refrigerator with Interior Dispense,KitchenAid,KRFC136RBS,KRFC136RBS,2554.00,2899.99,https://images.webfronts.com/cache/mesanrfpfmfx.jpg?imgeng=/w_800/h_600/m_letterbox_ffffff_100
20 cu. ft. 36-Inch Width Counter-Depth French Door Refrigerator with Interior Dispense,KitchenAid,KRFC136RWH,KRFC136RWH,2443.00,2799.99,https://images.webfronts.com/cache/mepgvevdnsew.jpg?imgeng=/w_800/h_600/m_letterbox_ffffff_100
36- Inch Wide French Door Refrigerator with PowerCold® Feature - 25 Cu. Ft.,Maytag,MFI2570FEZ,MFI2570FEZ,2332.00,2799.0,https://images.webfronts.com/cache/mehojsmgaeen.jpg?imgeng=/w_800/h_600/m_letterbox_ffffff_100
36- Inch Wide French Door Refrigerator with PowerCold® Feature - 25 Cu. Ft.,Maytag,MFI2570FEB,MFI2570FEB,2332.00,2799.0,https://images.webfronts.com/cache/mexlaioajrdo.jpg?imgeng=/w_800/h_600/m_letterbox_ffffff_100
36- Inch Wide French Door Refrigerator with PowerCold® Feature - 25 Cu. Ft.,Maytag,MFI2570FEW,MFI2570FEW,2332.00,2799.0,https://images.webfronts.com/cache/menbemubisob.jpg?imgeng=/w_800/h_600/m_letterbox_ffffff_100
36- Inch Wide Counter Depth French Door Refrigerator - 20 Cu. Ft.,Maytag,MFC2062FEZ,MFC2062FEZ,2332.00,2799.0,https://images.webfronts.com/cache/meujfjsecpdb.jpg?imgeng=/w_800/h_600/m_letterbox_ffffff_100
36-Inch Wide Counter-Depth French Door Bottom Mount Refrigerator - 20 cu. ft.,Whirlpool,WRFC2036RB,WRFC2036RB,1999.00,2799.99,https://images.webfronts.com/cache/memddeyvldls.jpg?imgeng=/w_800/h_600/m_letterbox_ffffff_100
36-Inch Wide Counter-Depth French Door Bottom Mount Refrigerator - 20 cu. ft.,Whirlpool,WRFC2036RV,WRFC2036RV,2099.00,2899.99,https://images.webfronts.com/cache/mehxuwdewpny.jpg?imgeng=/w_800/h_600/m_letterbox_ffffff_100
36-Inch Wide Counter-Depth French Door Bottom Mount Refrigerator - 20 cu. ft.,Whirlpool,WRFC2036RW,WRFC2036RW,1999.00,2799.99,https://images.webfronts.com/cache/menjcrdgwsde.jpg?imgeng=/w_800/h_600/m_letterbox_ffffff_100
36-Inch Wide Counter-Depth French Door Bottom Mount Refrigerator - 20 cu. ft.,Whirlpool,WRFC2036RZ,WRFC2036RZ,1999.00,2799.99,https://images.webfronts.com/cache/mebwwdllnkwj.jpg?imgeng=/w_800/h_600/m_letterbox_ffffff_100
36-Inch Wide French Door Bottom Mount Refrigerator - 25 cu. ft.,Whirlpool,WRMF3636RB,WRMF3636RB,2199.00,2999.99,https://images.webfronts.com/cache/meqwxnmksxes.jpg?imgeng=/w_800/h_600/m_letterbox_ffffff_100
36-Inch Wide French Door Bottom Mount Refrigerator - 25 cu. ft.,Whirlpool,WRMF3636RV,WRMF3636RV,2199.00,3099.99,https://images.webfronts.com/cache/mekxntqxsprq.jpg?imgeng=/w_800/h_600/m_letterbox_ffffff_100
36-Inch Wide French Door Bottom Mount Refrigerator - 25 cu. ft.,Whirlpool,WRMF3636RW,WRMF3636RW,2199.00,2999.99,https://images.webfronts.com/cache/meatifmoswjo.jpg?imgeng=/w_800/h_600/m_letterbox_ffffff_100
36-Inch Wide French Door Bottom Mount Refrigerator - 25 cu. ft.,Whirlpool,WRMF3636RZ,WRMF3636RZ,2199.00,2999.99,https://images.webfronts.com/cache/metrtdshioeb.jpg?imgeng=/w_800/h_600/m_letterbox_ffffff_100
30 Inch 17.5 Cu Ft French Door Counter Depth Refrigerator With Ice Maker In Black  Gordon Ramsay Series - Rf3017ffd00,Thor,RF3017FFD00,RF3017FFD00,1999.00,2599.0,https://images.webfronts.com/cache/frogivhvbexj.webp?imgeng=/w_800/h_600/m_letterbox_ffffff_100
30 Inch 17.5 Cu Ft French Door Counter Depth Refrigerator With Ice Maker In Stainless Steel  Gordon Ramsay Series - Rf3017ffd99,Thor,RF3017FFD99,RF3017FFD99,1999.00,2599.0,https://images.webfronts.com/cache/frhmhuepllhh.webp?imgeng=/w_800/h_600/m_letterbox_ffffff_100
22 Cu. Ft. Counter-Depth 4-Door French Door Refrigerator,Frigidaire,GRMC2273CF,GRMC2273CF,3149.00,3899.99,https://images.webfronts.com/cache/frydstpphdgp.jpg?imgeng=/w_800/h_600/m_letterbox_ffffff_100
22 Cu. Ft. Counter-Depth 4-Door French Door Refrigerator,Frigidaire,GRMC2273CD,GRMC2273CD,3239.00,3999.99,https://images.webfronts.com/cache/frvsmurolsdo.jpg?imgeng=/w_800/h_600/m_letterbox_ffffff_100
20 cu. Ft. 30-Inch Width Standard Depth French Door Refrigerator with Interior Dispense,KitchenAid,KRFF300ESS,KRFF300ESS,2299.00,2299.99,https://images.webfronts.com/cache/megsbinrlpce.jpg?imgeng=/w_800/h_600/m_letterbox_ffffff_100
20 cu. Ft. 30-Inch Width Standard Depth French Door Refrigerator with Interior Dispense,KitchenAid,KRFF300EBS,KRFF300EBS,2399.00,2399.99,https://images.webfronts.com/cache/mestqrijmyxl.jpg?imgeng=/w_800/h_600/m_letterbox_ffffff_100
20 cu. Ft. 30-Inch Width Standard Depth French Door Refrigerator with Interior Dispense,KitchenAid,KRFF300EWH,KRFF300EWH,2299.00,2299.99,https://images.webfronts.com/cache/meebinsiadct.jpg?imgeng=/w_800/h_600/m_letterbox_ffffff_100
36-Inch French Door Refrigerator with Ice Maker - 31 cu. ft.,Whirlpool,WRFF3136SZ,WRFF3136SZ,1699.00,2299.99,https://images.webfronts.com/cache/mesbkhdxpdrc.jpg?imgeng=/w_800/h_600/m_letterbox_ffffff_100
36-Inch French Door Refrigerator with Ice Maker - 31 cu. ft.,Whirlpool,WRFF3136SB,WRFF3136SB,2069.00,2299.99,https://images.webfronts.com/cache/mejpoplbyhow.jpg?imgeng=/w_800/h_600/m_letterbox_ffffff_100
36-Inch French Door Refrigerator with Ice Maker - 31 cu. ft.,Whirlpool,WRFF3136SW,WRFF3136SW,2069.00,2299.99,https://images.webfronts.com/cache/megjyetrptjg.jpg?imgeng=/w_800/h_600/m_letterbox_ffffff_100
"20 cu. ft. 3-Door French Door, Counter-Depth MAX™ Refrigerator with Hybrid Handles",LG Appliances,LF20G6331S,LF20G6331S,2099.00,2639.0,https://images.webfronts.com/cache/frsnjlrslbpl.jpg?imgeng=/w_800/h_600/m_letterbox_ffffff_100
25 cu.ft. 3-Door French Door Refrigerator with NEW Hybrid Handle Design and External Ice and Water Dispenser,LG Appliances,LF25H6330D,LF25H6330D,2099.00,2749.0,https://images.webfronts.com/cache/frwvfxgqkohe.jpg?imgeng=/w_800/h_600/m_letterbox_ffffff_100
Bespoke 4-Door French Door Refrigerator (23 cu. ft.) with Beverage Center™ in White Glass,Samsung,RF23BB860012,RF23BB860012,2332.00,,https://images.webfronts.com/cache/rduunascxbmn.jpg?imgeng=/w_800/h_600/m_letterbox_ffffff_100
Bespoke 4-Door French Door Refrigerator (23 cu. ft.) with Beverage Center™ in Morning Blue Glass Top Panels and White Glass Middle and Bottom Panels,Samsung,RF23BB86004M,RF23BB86004M,2332.00,,https://images.webfronts.com/cache/rdemfrxvdfgs.jpg?imgeng=/w_800/h_600/m_letterbox_ffffff_100
Bespoke 4-Door French Door Refrigerator (23 cu. ft.) with Beverage Center™ in Stainless Steel,Samsung,RF23BB8600QL,RF23BB8600QL,2332.00,,https://images.webfronts.com/cache/rdsnwopbnynj.jpg?imgeng=/w_800/h_600/m_letterbox_ffffff_100
31 cu. ft. Mega Capacity 4-Door French Door Refrigerator with Dual Auto Ice Maker in Stainless Steel,Samsung,RF31CG7200SR,RF31CG7200SR,2159.00,,https://images.webfronts.com/cache/frpkzoyrljaw.jpg?imgeng=/w_800/h_600/m_letterbox_ffffff_100
36-Inch French Door Refrigerator with Interior Water Dispenser - 31 cu. ft.,Whirlpool,WRFF3336SB,WRFF3336SB,2159.00,2399.99,https://images.webfronts.com/cache/mejpoplbyhow.jpg?imgeng=/w_800/h_600/m_letterbox_ffffff_100
GE® ENERGY STAR® 22.1 Cu. Ft. Counter-Depth French-Door Refrigerator,GE Appliances,GYE22GMNES,GYE22GMNES,2199.00,,https://images.webfronts.com/cache/fredavudpdch.jpg?imgeng=/w_800/h_600/m_letterbox_ffffff_100
GE® ENERGY STAR® 22.1 Cu. Ft. Counter-Depth French-Door Refrigerator,GE Appliances,GYE22GENDS,GYE22GENDS,2299.00,,https://images.webfronts.com/cache/frdytahhgire.jpg?imgeng=/w_800/h_600/m_letterbox_ffffff_100
GE ENERGY STAR 22.1 Cu. Ft. Counter-Depth Fingerprint Resistant French-Door Refrigerator,GE Appliances,GYE22GYNFS,GYE22GYNFS,2199.00,,https://images.webfronts.com/cache/frkfzwnwwncp.jpg?imgeng=/w_800/h_600/m_letterbox_ffffff_100
31 cu. ft. Smart Standard-Depth MAX™ French Door Refrigerator with Dual Ice,LG Appliances,LRFXS3106S,LRFXS3106S,2199.00,3079.0,https://images.webfronts.com/cache/rdpkyvusgvwi.jpg?imgeng=/w_800/h_600/m_letterbox_ffffff_100
LG Counter-Depth MAX™ with Zero Clearance™ 3-Door French Door Refrigerator with Thin Door Design,LG Appliances,LF24Z6530S,LF24Z6530S,2199.00,3299.0,https://images.webfronts.com/cache/frydlaiwnafl.jpg?imgeng=/w_800/h_600/m_letterbox_ffffff_100
25 cu. ft. Counter-Depth MAX™ with Zero Clearance™ 3-Door French Door Refrigerator with Thin Door Design,LG Appliances,LF25Z6211S,LF25Z6211S,2199.00,2969.0,https://images.webfronts.com/cache/frbztufqwhej.jpg?imgeng=/w_800/h_600/m_letterbox_ffffff_100
25 cu. ft. Smart Counter-Depth MAX™ 4-Door French Door Refrigerator with Full-Convert Drawer™,LG Appliances,LF25G8330S,LF25G8330S,2299.00,3189.0,https://images.webfronts.com/cache/frrkmgkwgqvr.jpg?imgeng=/w_800/h_600/m_letterbox_ffffff_100
25 cu. ft. Mega Capacity Counter Depth 3-Door French Door Refrigerator with Family Hub™ in Stainless Steel,Samsung,RF27CG5900SR,RF27CG5900SR,2554.00,,https://images.webfronts.com/cache/frgdfrhrtzet.jpg?imgeng=/w_800/h_600/m_letterbox_ffffff_100
30 cu. ft. Mega Capacity 3-Door French Door Refrigerator with Family Hub™ in Stainless Steel,Samsung,RF32CG5900SR,RF32CG5900SR,2554.00,,https://images.webfronts.com/cache/frffuxcjzenj.jpg?imgeng=/w_800/h_600/m_letterbox_ffffff_100
Bespoke 23 cu. ft. Counter Depth 4-Door Flex™ Refrigerator with Beverage Center™ & Customizable Door Panels in Stainless Steel,Samsung,RF23DB9600QL,RF23DB9600QL,2554.00,,https://images.webfronts.com/cache/frhxehhxlbwn.jpg?imgeng=/w_800/h_600/m_letterbox_ffffff_100
Bespoke Counter Depth 4-Door Flex™ Refrigerator (23 cu. ft.) with Beverage Center™ in White Glass - (with Customizable Door Panel Colors),Samsung,RF23DB960012,RF23DB960012,,,https://images.webfronts.com/cache/frjxiuvdmgfp.jpg?imgeng=/w_800/h_600/m_letterbox_ffffff_100
Bespoke 4-Door Flex™ Refrigerator (29 cu. ft.) with Beverage Center™ in Stainless Steel - (with Customizable Door Panel Colors),Samsung,RF29DB9600QL,RF29DB9600QL,2554.00,,https://images.webfronts.com/cache/frletjbtgblg.jpg?imgeng=/w_800/h_600/m_letterbox_ffffff_100
Bespoke 29 cu. ft. 4-Door Flex™ Refrigerator with Beverage Center™ & Customizable Door Panels in White Glass,Samsung,RF29DB960012,RF29DB960012,,,https://images.webfronts.com/cache/frcpdslnezcu.jpg?imgeng=/w_800/h_600/m_letterbox_ffffff_100
30 Inch 17.5 Cu Ft French Door Counter Depth Refrigerator With Ice Maker In Black/navy Blue  Gordon Ramsay Series - Rf3017ffd00-blu,Thor,RF3017FFD00BLU,RF3017FFD00BLU,2299.00,2999.0,https://images.webfronts.com/cache/frbjnmdgxywx.webp?imgeng=/w_800/h_600/m_letterbox_ffffff_100
30 Inch 17.5 Cu Ft French Door Counter Depth Refrigerator With Ice Maker In Black/bronze  Gordon Ramsay Series - Rf3017ffd00-brz,Thor,RF3017FFD00BRZ,RF3017FFD00BRZ,2299.00,2999.0,https://images.webfronts.com/cache/frxpqcgtqkdj.webp?imgeng=/w_800/h_600/m_letterbox_ffffff_100
30 Inch 17.5 Cu Ft French Door Counter Depth Refrigerator With Ice Maker In Black/rose Gold  Gordon Ramsay Series - Rf3017ffd00-rsg,Thor,RF3017FFD00RSG,RF3017FFD00RSG,2299.00,2999.0,https://images.webfronts.com/cache/frexmeybouzp.webp?imgeng=/w_800/h_600/m_letterbox_ffffff_100
30 Inch 17.5 Cu Ft French Door Counter Depth Refrigerator With Ice Maker In Black/stainless Steel  Gordon Ramsay Series - Rf3017ffd00-ss,Thor,RF3017FFD00SS,RF3017FFD00SS,2299.00,2999.0,https://images.webfronts.com/cache/frvtpwfouicb.webp?imgeng=/w_800/h_600/m_letterbox_ffffff_100
30 Inch 17.5 Cu Ft French Door Counter Depth Refrigerator With Ice Maker In Stainless Steel/black  Gordon Ramsay Series - Rf3017ffd99-blk,Thor,RF3017FFD99BLK,RF3017FFD99BLK,2299.00,2999.0,https://images.webfronts.com/cache/frwedvizhutd.webp?imgeng=/w_800/h_600/m_letterbox_ffffff_100
30 Inch 17.5 Cu Ft French Door Counter Depth Refrigerator With Ice Maker In Stainless Steel/navy Blue  Gordon Ramsay Series - Rf3017ffd99-blu,Thor,RF3017FFD99BLU,RF3017FFD99BLU,2299.00,2999.0,https://images.webfronts.com/cache/frtnqqccyefh.webp?imgeng=/w_800/h_600/m_letterbox_ffffff_100
30 Inch 17.5 Cu Ft French Door Counter Depth Refrigerator With Ice Maker In Stainless Steel/bronze  Gordon Ramsay Series - Rf3017ffd99-brz,Thor,RF3017FFD99BRZ,RF3017FFD99BRZ,2299.00,2999.0,https://images.webfronts.com/cache/frxtqxwqcves.webp?imgeng=/w_800/h_600/m_letterbox_ffffff_100
30 Inch 17.5 Cu Ft French Door Counter Depth Refrigerator With Ice Maker In Stainless Steel/rose Gold  Gordon Ramsay Series - Rf3017ffd99-rsg,Thor,RF3017FFD99RSG,RF3017FFD99RSG,2299.00,2999.0,https://images.webfronts.com/cache/frhbybkjknjv.webp?imgeng=/w_800/h_600/m_letterbox_ffffff_100
"100 Series French Door Bottom Mount Refrigerator 36"" Stainless steel (with anti-fingerprint), Total No Frost",Bosch,B36CD10ENS,B36CD10ENS,2399.00,3099.0,https://images.webfronts.com/cache/frumqrlgztra.webp?imgeng=/w_800/h_600/m_letterbox_ffffff_100
36-inch Wide French Door Refrigerator - 27 cu. ft.,Whirlpool,WRF757SDHV,WRF757SDHV,2399.00,3299.99,https://images.webfronts.com/cache/meqsxotmvkls.jpg?imgeng=/w_800/h_600/m_letterbox_ffffff_100
36-inch Wide French Door Refrigerator - 27 cu. ft.,Whirlpool,WRF757SDHZ,WRF757SDHZ,2879.00,3199.99,https://images.webfronts.com/cache/meoghufvrajs.jpg?imgeng=/w_800/h_600/m_letterbox_ffffff_100
36 Inch 20.3 Cu Ft French Door Counter Depth Refrigerator With Ice Maker In Black  Gordon Ramsay Series - Rf3621ctd00,Thor,RF3621CTD00,RF3621CTD00,2399.00,3149.0,https://images.webfronts.com/cache/frvrqxnkrqcq.webp?imgeng=/w_800/h_600/m_letterbox_ffffff_100
36 Inch 20.3 Cu Ft French Door Counter Depth Refrigerator With Ice Maker In Stainless Steel  Gordon Ramsay Series - Rf3621ctd99,Thor,RF3621CTD99,RF3621CTD99,2399.00,3149.0,https://images.webfronts.com/cache/frldbzslyydo.webp?imgeng=/w_800/h_600/m_letterbox_ffffff_100
